{"cameraMode":{"drawMode":0,"name":"Shaded","section":"Shading Mode"},"sceneLighting":false,"audioPlay":false,"sceneViewState":{"showFog":true,"showMaterialUpdate":false,"showSkybox":false,"showFlares":true,"showImageEffects":true,"showParticleSystems":true},"in2DMode":false,"pivot":{"x":-3.9000000953674318,"y":1.4089999198913575,"z":0.008999839425086975},"rotation":{"x":0.34753602743148806,"y":0.20165932178497315,"z":-0.07680460810661316,"w":0.9125031232833862},"size":1.9830889701843262,"orthographic":false}