{"cameraMode":{"drawMode":0,"name":"Shaded","section":"Shading Mode"},"sceneLighting":false,"audioPlay":false,"sceneViewState":{"showFog":true,"showMaterialUpdate":false,"showSkybox":false,"showFlares":true,"showImageEffects":true,"showParticleSystems":true},"in2DMode":false,"pivot":{"x":-3.2200000286102297,"y":1.5359998941421509,"z":-2.9802322387695315e-8},"rotation":{"x":0.4950500428676605,"y":0.11402972787618637,"z":-0.06572912633419037,"w":0.8588400483131409},"size":1.386971116065979,"orthographic":false}